specific_class,DATA_0,DATA_1,DATA_2,DATA_3,DATA_4,DATA_5,DATA_6,DATA_7
BENIGN,3.464482318074601,2.980404574956557,3.968206246929047,2.6337781445167265,3.049046508167726,2.305193362456278,2.5130024756014615,1.9605419096306926
DoS,3.350475304131929,3.4996794559816204,3.387271284964457,3.286903674932671,3.4819268709469657,2.9729010958783904,3.3234711277174305,3.349797033873975
GAS,-0.0,-0.0,-0.0,-0.0,-0.0,-0.0,0.9999996459025976,0.9999996459025976
RPM,1.4923878261139154,2.8466941887938706,3.0970609197851164,2.915294072285782,1.4908632004826368,1.4908632004826368,1.4908632004826368,1.2404676065223503
SPEED,0.7218318959289745,2.321927916485854,0.7218318959289745,2.321927916485854,0.7218318959289745,2.321927916485854,-0.0,2.321927916485854
STEERING_WHEEL,1.0046965658870468,1.0046965658870468,0.005097245214656475,0.005097245214656475,0.005097245214656475,0.005097245214656475,0.005097245214656475,0.005097245214656475
